{
  "format_version": "1.8.0",
  "render_controllers": {
    "controller.render.breeze": {
      "geometry": "Geometry.default",
"ignore_lighting": true,
      "materials": [ { "*": "Material.default" } ],
      "textures": [ "Texture.default" ]
    },
    "controller.render.breeze_eyes": {
      "geometry": "Geometry.breeze_eyes",
      "materials": [ { "*": "Material.breeze_eyes" } ],
      "textures": [ "Texture.breeze_eyes" ],
      "ignore_lighting": true
    },
    "controller.render.breeze_wind_top": {
      "geometry": "Geometry.breeze_wind_top",
      "materials": [ { "*": "Material.breeze_wind" } ],
      "textures": [ "Texture.breeze_wind" ],
      "uv_anim": {
        "offset": [
          "((Math.floor(query.life_time * 20.0) + query.frame_alpha) * 0.02)",
          "(0.0)"
        ],
        "scale": [ 1.0, 1.0 ]
      },
      "light_color_multiplier": 1.8
    },
    "controller.render.breeze_wind_mid": {
      "geometry": "Geometry.breeze_wind_mid",
      "materials": [ { "*": "Material.breeze_wind" } ],
      "textures": [ "Texture.breeze_wind" ],
      "uv_anim": {
        "offset": [
          "((Math.floor(query.life_time * 20.0) + query.frame_alpha) * 0.025)",
          "(0.0)"
        ],
        "scale": [ 1.0, 1.0 ]
      },
      "light_color_multiplier": 1.8
    },
    "controller.render.breeze_wind_bottom": {
      "geometry": "Geometry.breeze_wind_bottom",
      "materials": [ { "*": "Material.breeze_wind" } ],
      "textures": [ "Texture.breeze_wind" ],
      "uv_anim": {
        "offset": [
          "((Math.floor(query.life_time * 20.0) + query.frame_alpha) * 0.03)",
          "(0.0)"
        ],
        "scale": [ 1.0, 1.0 ]
      },
      "light_color_multiplier": 1.8
    }
  }
}
