{
  "format_version": "1.10.0",
  "render_controllers": {
    "controller.render.lingering_potion": {
      "arrays": {
        "textures": {
          "Array.skins": [
            "Texture.moveSlowdown",
            "Texture.moveSpeed",
            "Texture.digSlowdown",
            "Texture.digSpeed",
            "Texture.damageBoost",
            "Texture.heal",
            "Texture.harm",
            "Texture.jump",
            "Texture.confusion",
            "Texture.regeneration",
            "Texture.resistance",
            "Texture.fireResistance",
            "Texture.waterBreathing",
            "Texture.invisibility",
            "Texture.blindness",
            "Texture.nightVision",
            "Texture.hunger",
            "Texture.weakness",
            "Texture.poison",
            "Texture.wither",
            "Texture.healthBoost",
            "Texture.absorption",
            "Texture.saturation",
            "Texture.levitation",
            "Texture.turtleMaster",
            "Texture.slowFall",
            "Texture.windCharged",
            "Texture.weaving",
            "Texture.oozing",
            "Texture.infested",
            "Texture.default"
          ]
        }
      },
      "geometry": "Geometry.default",
"ignore_lighting": true,
      "materials": [ { "*": "Material.default" } ],
      "textures": [ "Array.skins[query.variant]", "Texture.enchanted" ],
      "filter_lighting": true
    }
  }
}
