{
  "format_version": "1.8.0",
  "render_controllers": {
    "controller.render.pufferfish.small": {
      "geometry": "Geometry.default",
"ignore_lighting": true,
      "materials": [ { "*": "Material.default" } ],
      "textures": [ "Texture.default" ]
    },
    "controller.render.pufferfish.medium": {
      "geometry": "geometry.mid",
      "materials": [ { "*": "Material.default" } ],
      "textures": [ "Texture.default" ]
    },
    "controller.render.pufferfish.large": {
      "geometry": "geometry.large",
      "materials": [ { "*": "Material.default" } ],
      "textures": [ "Texture.default" ]
    }
  }
}