{
  "format_version": "1.8.0",
  "render_controllers": {
    "controller.render.rabbit": {
      "arrays": {
        "textures": {
          "Array.skins": [ "Texture.brown", "Texture.white", "Texture.black", "Texture.white_splotched", "Texture.gold", "Texture.salt" ]
        }
      },
      "geometry": "Geometry.default",
"ignore_lighting": true,
      "materials": [ { "*": "Material.default" } ],
      "textures": [ "query.get_name == 'Toast' ? Texture.toast : Array.skins[query.variant]" ]
    }
  }
}