{
  "format_version": "1.8.0",
  "render_controllers": {
    "controller.render.skeleton_horse.v3": {
      "part_visibility": [
        { "Saddle": false },
        { "Bit*": false },
        { "Bridle": false },
        { "Reins*" : false },
        { "Bag*" : false },
        { "MuleEar*" : false}
      ],
      "geometry": "Geometry.default",
"ignore_lighting": true,
      "materials": [
        { "*": "Material.default" }
      ],
      "textures": [ "Texture.skeleton", "Texture.markings_none", "Texture.armor_none" ]
    }
  }
}
