{
  "format_version": "1.8.0",
  "render_controllers": {
    "controller.render.skeleton_horse.v1.and.v2": {
      "part_visibility": [
        { "*saddle*": false },
        { "SaddleMouthLine": false},
        { "SaddleMouthLineR": false },
        { "Bag*": false },
        { "MuleEar*": false }
      ],
      "geometry": "Geometry.default",
"ignore_lighting": true,
      "materials": [
        { "*": "Material.default" }
      ],
      "textures": [ "Texture.skeleton", "Texture.markings_none", "Texture.armor_none" ]
    }
  }
}
