{
  "format_version": "1.8.0",
  "render_controllers": {
    "controller.render.tripod_camera": {
      "geometry": "Geometry.default",
"ignore_lighting": true,
      "materials": [ { "*": "Material.default" } ],
      "textures": [ "Texture.default" ],
      "overlay_color": {
          "r": "variable.isFlashing ? 1.0f : this",
          "g": "variable.isFlashing ? 1.0f : this",
          "b": "variable.isFlashing ? 1.0f : this",
          "a": "variable.isFlashing ? 1.0f : this"
      }
    }
  }
}
