{
  "format_version": "1.8.0",
  "render_controllers": {
    "controller.render.vindicator": {
      "geometry": "Geometry.default",
"ignore_lighting": true,
      "part_visibility": [
        { "rightArm": "query.is_angry || query.is_celebrating" },
        { "leftArm": "query.is_angry || query.is_celebrating" },
        { "rightItem": "query.is_angry" },
        { "arms": "!(query.is_angry || query.is_celebrating)" }
      ],
      "materials": [ { "*": "Material.default" } ],
      "textures": [ "Texture.default" ]
    }
  }
}