{
    "format_version": "1.10.0",
    "render_controllers": {
      "controller.render.wind_charge": {
        "geometry": "Geometry.default",
"ignore_lighting": true,
        "materials": [ { "*": "Material.default" } ],
        "part_visibility": [ { "*": "query.life_time >= 0.2" } ],
        "textures": [ "Texture.default" ],
        "uv_anim": {
          "offset": [
            "((Math.floor(query.life_time * 20.0) + query.frame_alpha) * -0.03)",
            "(0.0)"
          ],
          "scale": [ 1.0, 1.0 ]
        },
        "light_color_multiplier": 1.6
      }
    }
  }
  