{
  "format_version": "1.8.0",
  "render_controllers": {
    "controller.render.wither_boss_armor_white": {
      "geometry": "Geometry.armor",
      "materials": [ { "*": "Material.armor" } ],
      "textures": [ "Texture.armor_white" ],
      "part_visibility": [ { "*": "query.is_shield_powered" } ],
      "uv_anim": {
        "offset": [
          "(query.is_shield_powered ? (Math.cos(query.life_time * 22.92) * 3) : 0.0)",
          "(query.is_shield_powered ? (query.life_time * 0.2) : 0.0)"
        ],
        "scale": [ 1.0, 1.0 ]
      },
      "ignore_lighting": true
    },

    "controller.render.wither_boss_armor_blue": {
      "geometry": "Geometry.armor",
      "materials": [ { "*": "Material.armor" } ],
      "textures": [ "Texture.armor_blue" ],
      "part_visibility": [ { "*": "query.is_shield_powered" } ],
      "uv_anim": {
        "offset": [
          "(query.is_shield_powered) ? (Math.floor(query.life_time * 20.0) + query.frame_alpha) * 0.01 : 0.0",
          "(query.is_shield_powered) ? (Math.floor(query.life_time * 20.0) + query.frame_alpha) * 0.01 : 0.0"
        ],
        "scale": [ 1.0, 1.0 ]
      },
      "ignore_lighting": true
    }
  }
}
