{
  "format_version": "1.8.0",
  "render_controllers": {
    "controller.render.zombie_villager_v2_base": {
      "geometry": "Geometry.default",
"ignore_lighting": true,
      "materials": [
        { "*": "Material.default" }
      ],
      "textures": [
        "Texture.default"
      ]
    },
    "controller.render.zombie_villager_v2_masked": {
      "arrays": {
        "textures": {
          "Array.biomes": [
            "Texture.plains",
            "Texture.desert",
            "Texture.jungle",
            "Texture.savanna",
            "Texture.snow",
            "Texture.swamp",
            "Texture.taiga"
          ],
          "Array.professions": [
            "Texture.unskilled",
            "Texture.farmer",
            "Texture.fisherman",
            "Texture.shepherd",
            "Texture.fletcher",
            "Texture.librarian",
            "Texture.cartographer",
            "Texture.cleric",
            "Texture.armorer",
            "Texture.weapon_smith",
            "Texture.tool_smith",
            "Texture.butcher",
            "Texture.leatherworker",
            "Texture.stonemason",
            "Texture.nitwit"
          ]
        }
      },
      "geometry": "Geometry.default",
"ignore_lighting": true,
      "materials": [
        { "*": "query.is_baby ? Material.default : Material.masked" }
      ],
      "textures": [
        "Array.biomes[query.mark_variant]",
        "Array.professions[variable.profession_index]"
      ]
    }
  }
}
