{
  "format_version": "1.8.0",
  "render_controllers": {
    "controller.render.zombie_villager": {
      "rebuild_animation_matrices": true,
      "arrays": {
        "textures": {
          "Array.skins": [ "Texture.farmer", "Texture.librarian", "Texture.priest", "Texture.smith", "Texture.butcher" ]
        }
      },
      "geometry": "Geometry.default",
"ignore_lighting": true,
      "materials": [ { "*": "Material.default" } ],
      "textures": [ "Array.skins[query.variant]" ]
    }
  }
}
