{
  "format_version": "1.16.100",
  "minecraft:fog_settings": {
    "description": {
      "identifier": "minecraft:fog_default"
    },
    "distance": {
      "air": {
        "fog_start": 10000,
        "fog_end": 100000,
        "fog_color": "#000000",
        "render_distance_type": "render"
      },
      "water": {
        "fog_start": 10000,
        "fog_end": 1000000,
        "fog_color": "#44AFF5",
        "render_distance_type": "fixed",
        "transition_fog": {
          "init_fog": {
            "fog_start": 100.0,
            "fog_end": 1000.01,
            "fog_color": "#44AFF5",
            "render_distance_type": "fixed"
          },
          "min_percent": 0,
          "mid_seconds": 0,
          "mid_percent": 0,
          "max_seconds": 0
        }
      },
      "weather": {
        "fog_start": 10000,
        "fog_end": 10000,
        "fog_color": "#000000",
        "render_distance_type": "render"
      },
      "lava": {
        "fog_start": 1,
        "fog_end": 10,
        "fog_color": "#991A00",
        "render_distance_type": "fixed"
      },
      "lava_resistance": {
        "fog_start": 10,
        "fog_end": 1000,
        "fog_color": "#991A00",
        "render_distance_type": "fixed"
      }
    }
  }
}
