{
  "namespace": "hud",
  "hud_content": {
    "modifications": [
      {
        "array_name": "controls",
        "operation": "insert_front",
        "value": {
          "ui": {
            "type": "image",
            "texture": "textures/ui/white",
            "alpha": 0.20,
            "layer": 1,
            "size": [ 8000, 8000 ]
          }
        }
      }
    ]
  },
  "vignette_renderer": {
    "type": "custom",
    "renderer": "inventory_item_renderer",
    "alpha": 1.0,
    "layer": 0
  }
}
